person,file,author,licence,licence_url,source_url
Bong Joon-ho,bong-joon-ho.jpg,"Dick Thomas Johnson from Tokyo, Japan",CC BY 2.0,https://creativecommons.org/licenses/by/2.0,https://commons.wikimedia.org/wiki/File:Bong_Joon-ho_2017.jpg
Hong Kyung-pyo,hong-kyung-pyo.jpg,KAFA,CC BY 3.0,https://creativecommons.org/licenses/by/3.0,https://commons.wikimedia.org/wiki/File:Hong_Kyung-pyo_2017.jpg
Jung Jae-il,jung-jae-il.png,쿄다방_,CC BY 3.0,https://creativecommons.org/licenses/by/3.0,https://commons.wikimedia.org/wiki/File:Jung_jaeil2.png
Song Kang-ho,song-kang-ho.jpg,wasabcon,CC BY 2.0 kr,https://creativecommons.org/licenses/by/2.0/kr/deed.en,https://commons.wikimedia.org/wiki/File:Song_Kang-Ho_in_2013.jpg
Jang Hye-jin,jang-hye-jin.jpg,여니수니,CC BY 2.0 kr,https://creativecommons.org/licenses/by/2.0/kr/deed.en,https://commons.wikimedia.org/wiki/File:Jang_Hye-Jin.jpg
Park So-dam,park-so-dam.jpg,K-POPIT 케이팝잇 TV10,CC BY 3.0,https://creativecommons.org/licenses/by/3.0,https://commons.wikimedia.org/wiki/File:Park_So-dam_%EB%B0%95%EC%86%8C%EB%8B%B4_2022.jpg
Lee Sun-kyun,lee-sun-kyun.jpg,티비텐,CC BY 3.0,https://creativecommons.org/licenses/by/3.0,https://commons.wikimedia.org/wiki/File:%EC%9D%B4%EC%84%A0%EA%B7%A0_(LEE_SUN_KYUN)_-_2023.10.28.jpg
Cho Yeo-jeong,cho-yeo-jeong.png,티비텐,CC BY 3.0,https://creativecommons.org/licenses/by/3.0,https://commons.wikimedia.org/wiki/File:Cho_Yeo-jeong_in_October_2024.png
Lee Jung-eun,lee-jung-eun.jpg,PARKJAEHWAN kinocine.com,CC BY-SA 4.0,https://creativecommons.org/licenses/by-sa/4.0,https://commons.wikimedia.org/wiki/File:Lee_Jung-eun.2019.jpg
Park Myung-hoon,park-myung-hoon.png,K-POPIT 케이팝잇,CC BY 3.0,https://creativecommons.org/licenses/by/3.0,https://commons.wikimedia.org/wiki/File:Parkmyunghoon2020.png
